"frequency";"r S[6,6]";"i S[6,6]"
7e+08;-0.824392;0.544893
7.01301e+08;-0.823837;0.546068
7.02603e+08;-0.823251;0.547251
7.03904e+08;-0.822639;0.548441
7.05205e+08;-0.822002;0.549633
7.06507e+08;-0.821343;0.550825
7.07808e+08;-0.820666;0.552014
7.09109e+08;-0.819972;0.553197
7.1041e+08;-0.819261;0.554374
7.11712e+08;-0.81854;0.555547
7.13013e+08;-0.81781;0.556715
7.14314e+08;-0.817069;0.55788
7.15616e+08;-0.81632;0.559041
7.16917e+08;-0.815566;0.560197
7.18218e+08;-0.814806;0.561351
7.1952e+08;-0.814039;0.562501
7.20821e+08;-0.813265;0.563646
7.22122e+08;-0.812486;0.564788
7.23423e+08;-0.811702;0.565927
7.24725e+08;-0.810915;0.567065
7.26026e+08;-0.810125;0.5682
7.27327e+08;-0.809331;0.569334
7.28629e+08;-0.808535;0.570466
7.2993e+08;-0.807734;0.571598
7.31231e+08;-0.806928;0.572726
7.32533e+08;-0.806119;0.573852
7.33834e+08;-0.805306;0.574977
7.35135e+08;-0.804491;0.576101
7.36436e+08;-0.803673;0.577225
7.37738e+08;-0.802854;0.578348
7.39039e+08;-0.802031;0.579471
7.4034e+08;-0.801206;0.580594
7.41642e+08;-0.800378;0.581715
7.42943e+08;-0.799545;0.582835
7.44244e+08;-0.798709;0.583955
7.45546e+08;-0.79787;0.585075
7.46847e+08;-0.797029;0.586194
7.48148e+08;-0.796185;0.587314
7.49449e+08;-0.795339;0.588435
7.50751e+08;-0.794491;0.589555
7.52052e+08;-0.793639;0.590676
7.53353e+08;-0.792783;0.591794
7.54655e+08;-0.791924;0.592912
7.55956e+08;-0.791062;0.59403
7.57257e+08;-0.790197;0.59515
7.58559e+08;-0.78933;0.596269
7.5986e+08;-0.78846;0.59739
7.61161e+08;-0.787587;0.59851
7.62462e+08;-0.786711;0.599632
7.63764e+08;-0.785833;0.600753
7.65065e+08;-0.784949;0.601872
7.66366e+08;-0.784062;0.602991
7.67668e+08;-0.783173;0.604111
7.68969e+08;-0.78228;0.605232
7.7027e+08;-0.781385;0.606354
7.71572e+08;-0.780487;0.607476
7.72873e+08;-0.779586;0.608598
7.74174e+08;-0.778682;0.609721
7.75475e+08;-0.777775;0.610844
7.76777e+08;-0.776863;0.611965
7.78078e+08;-0.775948;0.613086
7.79379e+08;-0.77503;0.614208
7.80681e+08;-0.774109;0.615331
7.81982e+08;-0.773186;0.616454
7.83283e+08;-0.77226;0.617579
7.84585e+08;-0.771331;0.618704
7.85886e+08;-0.770399;0.619831
7.87187e+08;-0.769464;0.620957
7.88488e+08;-0.768522;0.622082
7.8979e+08;-0.767577;0.623207
7.91091e+08;-0.766631;0.624333
7.92392e+08;-0.765679;0.62546
7.93694e+08;-0.764726;0.626588
7.94995e+08;-0.763769;0.627716
7.96296e+08;-0.762809;0.628846
7.97598e+08;-0.761846;0.629976
7.98899e+08;-0.76088;0.631107
8.002e+08;-0.759907;0.632235
8.01502e+08;-0.758931;0.633364
8.02803e+08;-0.757951;0.634494
8.04104e+08;-0.756969;0.635625
8.05405e+08;-0.755983;0.636756
8.06707e+08;-0.754993;0.637889
8.08008e+08;-0.754001;0.639021
8.09309e+08;-0.753006;0.640156
8.10611e+08;-0.752007;0.641292
8.11912e+08;-0.751002;0.642424
8.13213e+08;-0.749992;0.643557
8.14515e+08;-0.748979;0.644692
8.15816e+08;-0.747963;0.645826
8.17117e+08;-0.746943;0.646961
8.18418e+08;-0.745919;0.648099
8.1972e+08;-0.744893;0.649236
8.21021e+08;-0.743862;0.650374
8.22322e+08;-0.742828;0.651513
8.23624e+08;-0.741789;0.652651
8.24925e+08;-0.740744;0.653788
8.26226e+08;-0.739696;0.654926
8.27528e+08;-0.738645;0.656065
8.28829e+08;-0.73759;0.657205
8.3013e+08;-0.736531;0.658346
8.31431e+08;-0.735469;0.659487
8.32733e+08;-0.734401;0.66063
8.34034e+08;-0.733331;0.661776
8.35335e+08;-0.732256;0.662919
8.36637e+08;-0.731174;0.664062
8.37938e+08;-0.730089;0.665204
8.39239e+08;-0.728999;0.666347
8.40541e+08;-0.727905;0.667492
8.41842e+08;-0.726807;0.668637
8.43143e+08;-0.725706;0.669782
8.44444e+08;-0.724598;0.670931
8.45746e+08;-0.723489;0.67208
8.47047e+08;-0.722374;0.67323
8.48348e+08;-0.721254;0.674379
8.4965e+08;-0.720127;0.675526
8.50951e+08;-0.718996;0.676676
8.52252e+08;-0.71786;0.677825
8.53554e+08;-0.716719;0.678973
8.54855e+08;-0.715576;0.680126
8.56156e+08;-0.714426;0.681278
8.57457e+08;-0.713273;0.682431
8.58759e+08;-0.712112;0.683585
8.6006e+08;-0.71095;0.68474
8.61361e+08;-0.70978;0.685895
8.62663e+08;-0.708607;0.687047
8.63964e+08;-0.707425;0.688201
8.65265e+08;-0.706238;0.689355
8.66567e+08;-0.705049;0.690511
8.67868e+08;-0.703853;0.69167
8.69169e+08;-0.702652;0.692827
8.7047e+08;-0.701449;0.693987
8.71772e+08;-0.700236;0.695149
8.73073e+08;-0.699021;0.696312
8.74374e+08;-0.697795;0.697474
8.75676e+08;-0.696565;0.698636
8.76977e+08;-0.695327;0.699799
8.78278e+08;-0.694085;0.70096
8.7958e+08;-0.692835;0.702125
8.80881e+08;-0.691578;0.70329
8.82182e+08;-0.690315;0.704458
8.83483e+08;-0.689046;0.705625
8.84785e+08;-0.687774;0.706794
8.86086e+08;-0.686492;0.707966
8.87387e+08;-0.685203;0.709135
8.88689e+08;-0.683905;0.710304
8.8999e+08;-0.682598;0.711473
8.91291e+08;-0.681284;0.712641
8.92593e+08;-0.679963;0.713814
8.93894e+08;-0.678634;0.714982
8.95195e+08;-0.677296;0.716158
8.96496e+08;-0.675952;0.717331
8.97798e+08;-0.674598;0.718508
8.99099e+08;-0.673238;0.719685
9.004e+08;-0.671868;0.720865
9.01702e+08;-0.670481;0.722035
9.03003e+08;-0.66909;0.72321
9.04304e+08;-0.667683;0.724388
9.05606e+08;-0.666269;0.725563
9.06907e+08;-0.664845;0.726742
9.08208e+08;-0.663409;0.727917
9.0951e+08;-0.661961;0.729092
9.10811e+08;-0.660503;0.730273
9.12112e+08;-0.659032;0.731451
9.13413e+08;-0.657547;0.73263
9.14715e+08;-0.656047;0.733808
9.16016e+08;-0.654529;0.734984
9.17317e+08;-0.652992;0.736153
9.18619e+08;-0.651446;0.737327
9.1992e+08;-0.649875;0.738493
9.21221e+08;-0.648289;0.739665
9.22523e+08;-0.646685;0.740829
9.23824e+08;-0.645061;0.741991
9.25125e+08;-0.643412;0.743156
9.26426e+08;-0.641734;0.744316
9.27728e+08;-0.640033;0.74547
9.29029e+08;-0.638301;0.746607
9.3033e+08;-0.636534;0.747729
9.31632e+08;-0.63473;0.748841
9.32933e+08;-0.6329;0.74994
9.34234e+08;-0.631031;0.751022
9.35536e+08;-0.629109;0.752077
9.36837e+08;-0.62716;0.753105
9.38138e+08;-0.625163;0.754102
9.39439e+08;-0.623119;0.755069
9.40741e+08;-0.621025;0.755979
9.42042e+08;-0.618862;0.756832
9.43343e+08;-0.616626;0.757606
9.44645e+08;-0.614345;0.758288
9.45946e+08;-0.612007;0.758845
9.47247e+08;-0.609629;0.759271
9.48549e+08;-0.607215;0.759541
9.4985e+08;-0.604787;0.759607
9.51151e+08;-0.602392;0.759481
9.52452e+08;-0.600067;0.759115
9.53754e+08;-0.597856;0.758478
9.55055e+08;-0.595825;0.757589
9.56356e+08;-0.594137;0.756442
9.57658e+08;-0.592807;0.755112
9.58959e+08;-0.591879;0.75367
9.6026e+08;-0.591495;0.752246
9.61562e+08;-0.591646;0.750995
9.62863e+08;-0.59225;0.750073
9.64164e+08;-0.593226;0.74965
9.65465e+08;-0.594414;0.749772
9.66767e+08;-0.595609;0.750422
9.68068e+08;-0.596688;0.751617
9.69369e+08;-0.597518;0.753216
9.70671e+08;-0.598077;0.75511
9.71972e+08;-0.598304;0.7572
9.73273e+08;-0.598259;0.759405
9.74575e+08;-0.597935;0.761675
9.75876e+08;-0.597372;0.763956
9.77177e+08;-0.596591;0.766218
9.78478e+08;-0.595642;0.76843
9.7978e+08;-0.594542;0.770584
9.81081e+08;-0.593318;0.772681
9.82382e+08;-0.591996;0.774705
9.83684e+08;-0.590592;0.776673
9.84985e+08;-0.58913;0.778576
9.86286e+08;-0.587599;0.780424
9.87588e+08;-0.586031;0.78221
9.88889e+08;-0.584417;0.783948
9.9019e+08;-0.582776;0.785645
9.91491e+08;-0.581108;0.787297
9.92793e+08;-0.579422;0.788911
9.94094e+08;-0.577718;0.79049
9.95395e+08;-0.575989;0.792044
9.96697e+08;-0.574251;0.793569
9.97998e+08;-0.572499;0.795065
9.99299e+08;-0.570733;0.796537
1.0006e+09;-0.568952;0.797983
1.0019e+09;-0.567165;0.799405
1.0032e+09;-0.565364;0.800808
1.0045e+09;-0.563557;0.802193
1.00581e+09;-0.561743;0.803561
1.00711e+09;-0.559921;0.804915
1.00841e+09;-0.558095;0.806256
1.00971e+09;-0.556262;0.807582
1.01101e+09;-0.554426;0.808896
1.01231e+09;-0.552577;0.810207
1.01361e+09;-0.550727;0.811502
1.01491e+09;-0.54887;0.812788
1.01622e+09;-0.547003;0.81406
1.01752e+09;-0.545127;0.815321
1.01882e+09;-0.543251;0.816579
1.02012e+09;-0.541367;0.817825
1.02142e+09;-0.53948;0.819065
1.02272e+09;-0.537585;0.820303
1.02402e+09;-0.535679;0.821532
1.02533e+09;-0.533774;0.822763
1.02663e+09;-0.53186;0.823983
1.02793e+09;-0.529942;0.8252
1.02923e+09;-0.528009;0.826409
1.03053e+09;-0.526076;0.827615
1.03183e+09;-0.52413;0.828813
1.03313e+09;-0.52218;0.830005
1.03443e+09;-0.520223;0.831194
1.03574e+09;-0.518262;0.832378
1.03704e+09;-0.516289;0.833564
1.03834e+09;-0.514309;0.834745
1.03964e+09;-0.512321;0.835918
1.04094e+09;-0.510322;0.837094
1.04224e+09;-0.508322;0.838265
1.04354e+09;-0.506313;0.839435
1.04484e+09;-0.504296;0.8406
1.04615e+09;-0.502267;0.841765
1.04745e+09;-0.500232;0.842919
1.04875e+09;-0.498186;0.844071
1.05005e+09;-0.496129;0.845221
1.05135e+09;-0.494066;0.846369
1.05265e+09;-0.491992;0.847517
1.05395e+09;-0.489908;0.848661
1.05526e+09;-0.48782;0.849798
1.05656e+09;-0.485718;0.850941
1.05786e+09;-0.483612;0.852069
1.05916e+09;-0.481495;0.853204
1.06046e+09;-0.47936;0.854333
1.06176e+09;-0.47723;0.855466
1.06306e+09;-0.475083;0.856587
1.06436e+09;-0.472924;0.857697
1.06567e+09;-0.470758;0.858808
1.06697e+09;-0.468582;0.859922
1.06827e+09;-0.466393;0.861027
1.06957e+09;-0.464198;0.86213
1.07087e+09;-0.461991;0.863241
1.07217e+09;-0.459772;0.864344
1.07347e+09;-0.457554;0.865449
1.07477e+09;-0.455311;0.866542
1.07608e+09;-0.453066;0.867635
1.07738e+09;-0.450813;0.868727
1.07868e+09;-0.448551;0.869814
1.07998e+09;-0.446259;0.870882
1.08128e+09;-0.44397;0.871967
1.08258e+09;-0.441671;0.873044
1.08388e+09;-0.439365;0.874118
1.08519e+09;-0.437033;0.875191
1.08649e+09;-0.434711;0.876255
1.08779e+09;-0.432356;0.877323
1.08909e+09;-0.430001;0.878391
1.09039e+09;-0.427631;0.879447
1.09169e+09;-0.425249;0.880518
1.09299e+09;-0.422862;0.881571
1.09429e+09;-0.420455;0.882626
1.0956e+09;-0.418044;0.883674
1.0969e+09;-0.415608;0.884711
1.0982e+09;-0.413165;0.885743
1.0995e+09;-0.410706;0.886782
1.1008e+09;-0.40824;0.88781
1.1021e+09;-0.405759;0.888837
1.1034e+09;-0.403265;0.889863
1.1047e+09;-0.400763;0.890888
1.10601e+09;-0.398238;0.891907
1.10731e+09;-0.395715;0.892937
1.10861e+09;-0.393178;0.893954
1.10991e+09;-0.39061;0.894967
1.11121e+09;-0.38803;0.895974
1.11251e+09;-0.385439;0.896977
1.11381e+09;-0.382838;0.897961
1.11512e+09;-0.380223;0.898937
1.11642e+09;-0.377589;0.899926
1.11772e+09;-0.374947;0.900924
1.11902e+09;-0.372285;0.901893
1.12032e+09;-0.369624;0.902878
1.12162e+09;-0.36693;0.903846
1.12292e+09;-0.364228;0.904809
1.12422e+09;-0.361498;0.905774
1.12553e+09;-0.358767;0.906728
1.12683e+09;-0.356017;0.907685
1.12813e+09;-0.353241;0.908634
1.12943e+09;-0.350481;0.909567
1.13073e+09;-0.347669;0.910503
1.13203e+09;-0.344864;0.91142
1.13333e+09;-0.342013;0.912337
1.13463e+09;-0.339171;0.913277
1.13594e+09;-0.336313;0.914169
1.13724e+09;-0.333432;0.915078
1.13854e+09;-0.33051;0.915993
1.13984e+09;-0.327609;0.916888
1.14114e+09;-0.324689;0.917784
1.14244e+09;-0.321731;0.918669
1.14374e+09;-0.318776;0.919546
1.14505e+09;-0.315779;0.920418
1.14635e+09;-0.312779;0.921275
1.14765e+09;-0.309746;0.922132
1.14895e+09;-0.306696;0.922983
1.15025e+09;-0.303652;0.923814
1.15155e+09;-0.300559;0.924637
1.15285e+09;-0.297479;0.925472
1.15415e+09;-0.294346;0.926302
1.15546e+09;-0.29122;0.927127
1.15676e+09;-0.288062;0.927922
1.15806e+09;-0.284881;0.9287
1.15936e+09;-0.28166;0.929509
1.16066e+09;-0.278447;0.9303
1.16196e+09;-0.275204;0.93107
1.16326e+09;-0.271949;0.931831
1.16456e+09;-0.268653;0.932567
1.16587e+09;-0.265353;0.933314
1.16717e+09;-0.262019;0.934042
1.16847e+09;-0.258683;0.934757
1.16977e+09;-0.255291;0.935489
1.17107e+09;-0.251898;0.936208
1.17237e+09;-0.248473;0.936891
1.17367e+09;-0.24502;0.937584
1.17497e+09;-0.241529;0.938262
1.17628e+09;-0.238034;0.938928
1.17758e+09;-0.23452;0.939589
1.17888e+09;-0.23095;0.940197
1.18018e+09;-0.22739;0.940842
1.18148e+09;-0.223794;0.941435
1.18278e+09;-0.220184;0.942047
1.18408e+09;-0.216509;0.942643
1.18539e+09;-0.21286;0.943186
1.18669e+09;-0.209147;0.943763
1.18799e+09;-0.205411;0.944318
1.18929e+09;-0.201663;0.944847
1.19059e+09;-0.197832;0.94532
1.19189e+09;-0.194028;0.945834
1.19319e+09;-0.190201;0.946336
1.19449e+09;-0.186315;0.946828
1.1958e+09;-0.182376;0.947244
1.1971e+09;-0.178428;0.947678
1.1984e+09;-0.174473;0.94812
1.1997e+09;-0.17047;0.948475
1.201e+09;-0.166411;0.948877
1.2023e+09;-0.162346;0.949222
1.2036e+09;-0.158226;0.949553
1.2049e+09;-0.154076;0.949857
1.20621e+09;-0.149909;0.950148
1.20751e+09;-0.145694;0.950445
1.20881e+09;-0.141435;0.950678
1.21011e+09;-0.13714;0.950902
1.21141e+09;-0.132839;0.951073
1.21271e+09;-0.128477;0.951289
1.21401e+09;-0.124094;0.951458
1.21532e+09;-0.119657;0.951546
1.21662e+09;-0.115174;0.951624
1.21792e+09;-0.110679;0.951712
1.21922e+09;-0.106097;0.951737
1.22052e+09;-0.101526;0.951752
1.22182e+09;-0.0968407;0.951684
1.22312e+09;-0.0921684;0.951683
1.22442e+09;-0.0874567;0.951551
1.22573e+09;-0.082658;0.951416
1.22703e+09;-0.0778382;0.951234
1.22833e+09;-0.0729063;0.951025
1.22963e+09;-0.0680537;0.950809
1.23093e+09;-0.0630097;0.950477
1.23223e+09;-0.0579812;0.950179
1.23353e+09;-0.0529222;0.949832
1.23483e+09;-0.0477875;0.949377
1.23614e+09;-0.0425932;0.948907
1.23744e+09;-0.0373474;0.94841
1.23874e+09;-0.0320916;0.947803
1.24004e+09;-0.0267208;0.947175
1.24134e+09;-0.0212711;0.94647
1.24264e+09;-0.0158566;0.945669
1.24394e+09;-0.0102851;0.944864
1.24525e+09;-0.00466991;0.944009
1.24655e+09;0.000934727;0.94308
1.24785e+09;0.00666219;0.942033
1.24915e+09;0.0124717;0.940939
1.25045e+09;0.0183308;0.939817
1.25175e+09;0.024251;0.93851
1.25305e+09;0.0301905;0.937114
1.25435e+09;0.0363083;0.935723
1.25566e+09;0.042394;0.934079
1.25696e+09;0.0486233;0.932448
1.25826e+09;0.0549174;0.930681
1.25956e+09;0.0612762;0.928842
1.26086e+09;0.0677043;0.926829
1.26216e+09;0.0742675;0.92467
1.26346e+09;0.0807955;0.922398
1.26476e+09;0.087499;0.920018
1.26607e+09;0.0942037;0.917427
1.26737e+09;0.101009;0.914718
1.26867e+09;0.107928;0.911889
1.26997e+09;0.114928;0.908818
1.27127e+09;0.122095;0.905523
1.27257e+09;0.129125;0.902152
1.27387e+09;0.136402;0.898374
1.27518e+09;0.143713;0.894423
1.27648e+09;0.151082;0.890256
1.27778e+09;0.158484;0.885807
1.27908e+09;0.1659;0.881233
1.28038e+09;0.173504;0.876137
1.28168e+09;0.181124;0.870783
1.28298e+09;0.188769;0.865303
1.28428e+09;0.196452;0.859187
1.28559e+09;0.204253;0.852869
1.28689e+09;0.211946;0.846019
1.28819e+09;0.219668;0.838711
1.28949e+09;0.227337;0.83107
1.29079e+09;0.234968;0.822833
1.29209e+09;0.242461;0.814122
1.29339e+09;0.249785;0.804829
1.29469e+09;0.256972;0.794762
1.296e+09;0.264015;0.784441
1.2973e+09;0.270923;0.773121
1.2986e+09;0.276988;0.760959
1.2999e+09;0.283074;0.748439
1.3012e+09;0.288478;0.734982
1.3025e+09;0.293374;0.720811
1.3038e+09;0.297786;0.705971
1.30511e+09;0.301469;0.690408
1.30641e+09;0.303613;0.67361
1.30771e+09;0.304983;0.656196
1.30901e+09;0.30508;0.638018
1.31031e+09;0.303286;0.619667
1.31161e+09;0.300338;0.600191
1.31291e+09;0.295539;0.581057
1.31421e+09;0.288741;0.560847
1.31552e+09;0.279769;0.541843
1.31682e+09;0.268315;0.52266
1.31812e+09;0.254692;0.504206
1.31942e+09;0.239332;0.486529
1.32072e+09;0.220764;0.470906
1.32202e+09;0.200767;0.456695
1.32332e+09;0.177893;0.445158
1.32462e+09;0.154174;0.436317
1.32593e+09;0.129074;0.430892
1.32723e+09;0.103289;0.42886
1.32853e+09;0.0766886;0.430018
1.32983e+09;0.0518995;0.434098
1.33113e+09;0.0269485;0.4415
1.33243e+09;0.00425792;0.452364
1.33373e+09;-0.0167397;0.465734
1.33504e+09;-0.0352149;0.481227
1.33634e+09;-0.0515977;0.499064
1.33764e+09;-0.0651938;0.51783
1.33894e+09;-0.0758214;0.537199
1.34024e+09;-0.0843693;0.557373
1.34154e+09;-0.0899877;0.577305
1.34284e+09;-0.0932789;0.597324
1.34414e+09;-0.0949804;0.616948
1.34545e+09;-0.0946044;0.635937
1.34675e+09;-0.0924209;0.65384
1.34805e+09;-0.0887364;0.671044
1.34935e+09;-0.0836774;0.687207
1.35065e+09;-0.077619;0.702617
1.35195e+09;-0.0704534;0.716788
1.35325e+09;-0.0627718;0.729945
1.35455e+09;-0.0540022;0.742237
1.35586e+09;-0.0451536;0.753503
1.35716e+09;-0.0357709;0.763989
1.35846e+09;-0.0260238;0.773658
1.35976e+09;-0.0159038;0.782399
1.36106e+09;-0.00570605;0.790407
1.36236e+09;0.00487142;0.797637
1.36366e+09;0.0153769;0.804239
1.36496e+09;0.0260411;0.810171
1.36627e+09;0.0367806;0.815608
1.36757e+09;0.0475397;0.820406
1.36887e+09;0.0583452;0.824722
1.37017e+09;0.0691666;0.828494
1.37147e+09;0.0799311;0.831784
1.37277e+09;0.0906509;0.83465
1.37407e+09;0.101345;0.837075
1.37538e+09;0.112044;0.839163
1.37668e+09;0.122614;0.840811
1.37798e+09;0.133216;0.842115
1.37928e+09;0.143731;0.843114
1.38058e+09;0.154199;0.843676
1.38188e+09;0.164565;0.844017
1.38318e+09;0.174841;0.843951
1.38448e+09;0.184998;0.843681
1.38579e+09;0.195134;0.843124
1.38709e+09;0.205094;0.842374
1.38839e+09;0.215026;0.841397
1.38969e+09;0.224854;0.840145
1.39099e+09;0.234654;0.838737
1.39229e+09;0.244427;0.837058
1.39359e+09;0.254112;0.835227
1.39489e+09;0.263703;0.833204
1.3962e+09;0.273217;0.830936
1.3975e+09;0.282661;0.828471
1.3988e+09;0.292054;0.825874
1.4001e+09;0.301384;0.823088
1.4014e+09;0.310674;0.820166
1.4027e+09;0.319859;0.81705
1.404e+09;0.329042;0.813812
1.40531e+09;0.33817;0.81033
1.40661e+09;0.347259;0.806726
1.40791e+09;0.35633;0.802927
1.40921e+09;0.365288;0.799094
1.41051e+09;0.374243;0.79498
1.41181e+09;0.383172;0.790684
1.41311e+09;0.392007;0.786252
1.41441e+09;0.400763;0.781671
1.41572e+09;0.409485;0.7769
1.41702e+09;0.418163;0.771968
1.41832e+09;0.426774;0.766939
1.41962e+09;0.43532;0.761703
1.42092e+09;0.44384;0.756311
1.42222e+09;0.452338;0.750766
1.42352e+09;0.4607;0.745076
1.42482e+09;0.46908;0.739246
1.42613e+09;0.477381;0.733192
1.42743e+09;0.485607;0.727011
1.42873e+09;0.49374;0.720671
1.43003e+09;0.501872;0.714215
1.43133e+09;0.509915;0.707442
1.43263e+09;0.517817;0.700712
1.43393e+09;0.525632;0.693763
1.43524e+09;0.533512;0.686681
1.43654e+09;0.541258;0.679431
1.43784e+09;0.548926;0.671963
1.43914e+09;0.556591;0.664367
1.44044e+09;0.564072;0.656652
1.44174e+09;0.571586;0.64873
1.44304e+09;0.578868;0.640426
1.44434e+09;0.586236;0.632338
1.44565e+09;0.593401;0.623789
1.44695e+09;0.600565;0.615203
1.44825e+09;0.607582;0.606513
1.44955e+09;0.614391;0.597472
1.45085e+09;0.621251;0.588403
1.45215e+09;0.627914;0.579241
1.45345e+09;0.634513;0.569742
1.45475e+09;0.640944;0.560123
1.45606e+09;0.647307;0.55028
1.45736e+09;0.65339;0.540273
1.45866e+09;0.659603;0.530061
1.45996e+09;0.665459;0.519794
1.46126e+09;0.671245;0.509369
1.46256e+09;0.676903;0.498639
1.46386e+09;0.682535;0.48768
1.46517e+09;0.687796;0.476663
1.46647e+09;0.692815;0.46539
1.46777e+09;0.697811;0.453947
1.46907e+09;0.702566;0.442636
1.47037e+09;0.707247;0.431086
1.47167e+09;0.711628;0.419293
1.47297e+09;0.715971;0.407204
1.47427e+09;0.719965;0.395327
1.47558e+09;0.723913;0.382713
1.47688e+09;0.727379;0.370438
1.47818e+09;0.730754;0.357695
1.47948e+09;0.733571;0.345076
1.48078e+09;0.73685;0.332124
1.48208e+09;0.739393;0.319171
1.48338e+09;0.741927;0.305985
1.48468e+09;0.744219;0.292918
1.48599e+09;0.746111;0.279485
1.48729e+09;0.747894;0.265923
1.48859e+09;0.749544;0.252393
1.48989e+09;0.750593;0.238461
1.49119e+09;0.751782;0.224525
1.49249e+09;0.752402;0.210492
1.49379e+09;0.752651;0.19648
1.4951e+09;0.752719;0.182212
1.4964e+09;0.752499;0.167848
1.4977e+09;0.75177;0.15326
1.499e+09;0.750933;0.138909
1.5003e+09;0.749572;0.124101
1.5016e+09;0.747725;0.109661
1.5029e+09;0.74595;0.0949754
1.5042e+09;0.743438;0.0802234
1.50551e+09;0.740723;0.0654199
1.50681e+09;0.737341;0.0507058
1.50811e+09;0.734284;0.0360885
1.50941e+09;0.730249;0.0213546
1.51071e+09;0.725586;0.00649787
1.51201e+09;0.720599;-0.00849339
1.51331e+09;0.715931;-0.022835
1.51461e+09;0.710578;-0.0373013
1.51592e+09;0.703742;-0.0520198
1.51722e+09;0.697553;-0.0667974
1.51852e+09;0.690829;-0.0806731
1.51982e+09;0.683181;-0.0948261
1.52112e+09;0.675278;-0.108369
1.52242e+09;0.667342;-0.122068
1.52372e+09;0.658875;-0.135883
1.52503e+09;0.650343;-0.148716
1.52633e+09;0.640484;-0.162414
1.52763e+09;0.631057;-0.174998
1.52893e+09;0.620834;-0.187923
1.53023e+09;0.609974;-0.199546
1.53153e+09;0.598772;-0.211538
1.53283e+09;0.58727;-0.223452
1.53413e+09;0.575893;-0.233978
1.53544e+09;0.563412;-0.244959
1.53674e+09;0.551051;-0.255096
1.53804e+09;0.537996;-0.265644
1.53934e+09;0.525324;-0.274488
1.54064e+09;0.511716;-0.28331
1.54194e+09;0.498599;-0.291948
1.54324e+09;0.484286;-0.300014
1.54454e+09;0.469972;-0.307441
1.54585e+09;0.456469;-0.314223
1.54715e+09;0.442167;-0.320851
1.54845e+09;0.427691;-0.326468
1.54975e+09;0.413658;-0.33232
1.55105e+09;0.39879;-0.3371
1.55235e+09;0.384195;-0.341511
1.55365e+09;0.3693;-0.344898
1.55495e+09;0.355176;-0.348117
1.55626e+09;0.340055;-0.350573
1.55756e+09;0.326637;-0.353276
1.55886e+09;0.31128;-0.355053
1.56016e+09;0.297061;-0.355867
1.56146e+09;0.282299;-0.356829
1.56276e+09;0.268436;-0.356472
1.56406e+09;0.254053;-0.35638
1.56537e+09;0.241122;-0.355515
1.56667e+09;0.227785;-0.353917
1.56797e+09;0.214603;-0.35251
1.56927e+09;0.201694;-0.350933
1.57057e+09;0.189309;-0.348441
1.57187e+09;0.176546;-0.345364
1.57317e+09;0.164135;-0.342226
1.57447e+09;0.152276;-0.338087
1.57578e+09;0.140609;-0.334852
1.57708e+09;0.129098;-0.330363
1.57838e+09;0.118556;-0.32563
1.57968e+09;0.107478;-0.320604
1.58098e+09;0.0974282;-0.31475
1.58228e+09;0.0874117;-0.309168
1.58358e+09;0.0782804;-0.303249
1.58488e+09;0.06989;-0.29721
1.58619e+09;0.0613841;-0.29049
1.58749e+09;0.0535819;-0.284135
1.58879e+09;0.0460406;-0.278097
1.59009e+09;0.0392292;-0.271563
1.59139e+09;0.0324403;-0.26527
1.59269e+09;0.0259966;-0.25867
1.59399e+09;0.0194927;-0.251507
1.5953e+09;0.0139751;-0.244891
1.5966e+09;0.00874211;-0.23787
1.5979e+09;0.00395864;-0.230538
1.5992e+09;-0.000161262;-0.223682
1.6005e+09;-0.00384974;-0.217051
1.6018e+09;-0.00760437;-0.209475
1.6031e+09;-0.0105011;-0.202282
1.6044e+09;-0.013072;-0.195611
1.60571e+09;-0.0145709;-0.188679
1.60701e+09;-0.0155883;-0.183268
1.60831e+09;-0.0163739;-0.177135
1.60961e+09;-0.017331;-0.172043
1.61091e+09;-0.0180932;-0.166944
1.61221e+09;-0.0184592;-0.162577
1.61351e+09;-0.0188714;-0.158078
1.61481e+09;-0.0190613;-0.153982
1.61612e+09;-0.019285;-0.150151
1.61742e+09;-0.019843;-0.146957
1.61872e+09;-0.0202896;-0.142952
1.62002e+09;-0.0203778;-0.139792
1.62132e+09;-0.0207773;-0.136634
1.62262e+09;-0.0207143;-0.133571
1.62392e+09;-0.020548;-0.130823
1.62523e+09;-0.0203998;-0.128075
1.62653e+09;-0.02016;-0.12572
1.62783e+09;-0.0206147;-0.123407
1.62913e+09;-0.0206494;-0.12128
1.63043e+09;-0.0205265;-0.119508
1.63173e+09;-0.020597;-0.117197
1.63303e+09;-0.02085;-0.115567
1.63433e+09;-0.0202867;-0.113394
1.63564e+09;-0.0201522;-0.11167
1.63694e+09;-0.0205419;-0.109992
1.63824e+09;-0.0198464;-0.10852
1.63954e+09;-0.0193419;-0.106643
1.64084e+09;-0.0186855;-0.105621
1.64214e+09;-0.0178882;-0.104762
1.64344e+09;-0.0173673;-0.10388
1.64474e+09;-0.0167051;-0.103795
1.64605e+09;-0.016405;-0.103755
1.64735e+09;-0.0164455;-0.103601
1.64865e+09;-0.016195;-0.103695
1.64995e+09;-0.0161021;-0.103738
1.65125e+09;-0.016371;-0.104189
1.65255e+09;-0.0165911;-0.104447
1.65385e+09;-0.0171872;-0.104755
1.65516e+09;-0.017562;-0.104911
1.65646e+09;-0.0180813;-0.105117
1.65776e+09;-0.0185448;-0.105373
1.65906e+09;-0.0185527;-0.106073
1.66036e+09;-0.019242;-0.106433
1.66166e+09;-0.0199234;-0.107346
1.66296e+09;-0.0204369;-0.107987
1.66426e+09;-0.021407;-0.109166
1.66557e+09;-0.0223701;-0.110117
1.66687e+09;-0.0238107;-0.111095
1.66817e+09;-0.0252175;-0.112384
1.66947e+09;-0.0266043;-0.113421
1.67077e+09;-0.0283959;-0.114803
1.67207e+09;-0.0297364;-0.115255
1.67337e+09;-0.0318953;-0.116286
1.67467e+09;-0.0339105;-0.116871
1.67598e+09;-0.0361145;-0.117739
1.67728e+09;-0.038459;-0.118696
1.67858e+09;-0.0404998;-0.119215
1.67988e+09;-0.0426951;-0.119971
1.68118e+09;-0.0450644;-0.120773
1.68248e+09;-0.0479161;-0.1213
1.68378e+09;-0.0507553;-0.121679
1.68509e+09;-0.0535216;-0.121634
1.68639e+09;-0.0565767;-0.121816
1.68769e+09;-0.0594041;-0.121355
1.68899e+09;-0.0620877;-0.121037
1.69029e+09;-0.0647705;-0.120216
1.69159e+09;-0.0669102;-0.119988
1.69289e+09;-0.069164;-0.119118
1.69419e+09;-0.0716883;-0.118835
1.6955e+09;-0.0736332;-0.118353
1.6968e+09;-0.0763911;-0.117992
1.6981e+09;-0.0783094;-0.117255
1.6994e+09;-0.0804446;-0.116995
1.7007e+09;-0.0829729;-0.116201
1.702e+09;-0.0852613;-0.115608
1.7033e+09;-0.087332;-0.115391
1.7046e+09;-0.0895056;-0.115286
1.70591e+09;-0.0917476;-0.114708
1.70721e+09;-0.094274;-0.114213
1.70851e+09;-0.0968468;-0.114304
1.70981e+09;-0.0998945;-0.113554
1.71111e+09;-0.102475;-0.112933
1.71241e+09;-0.105312;-0.11225
1.71371e+09;-0.107899;-0.111516
1.71502e+09;-0.110336;-0.110572
1.71632e+09;-0.113568;-0.109637
1.71762e+09;-0.116483;-0.108497
1.71892e+09;-0.119612;-0.10749
1.72022e+09;-0.122727;-0.10565
1.72152e+09;-0.125451;-0.103744
1.72282e+09;-0.127993;-0.102322
1.72412e+09;-0.130752;-0.10084
1.72543e+09;-0.133366;-0.0989147
1.72673e+09;-0.1361;-0.096847
1.72803e+09;-0.138912;-0.0944803
1.72933e+09;-0.140998;-0.0922097
1.73063e+09;-0.143105;-0.090165
1.73193e+09;-0.144979;-0.0880024
1.73323e+09;-0.147204;-0.0861316
1.73453e+09;-0.150006;-0.0842209
1.73584e+09;-0.151711;-0.081512
1.73714e+09;-0.153854;-0.0790502
1.73844e+09;-0.155578;-0.0762368
1.73974e+09;-0.157542;-0.0735363
1.74104e+09;-0.159045;-0.0706389
1.74234e+09;-0.160829;-0.0676551
1.74364e+09;-0.162371;-0.0652083
1.74494e+09;-0.163412;-0.0623251
1.74625e+09;-0.164441;-0.0597116
1.74755e+09;-0.165196;-0.0572502
1.74885e+09;-0.166321;-0.0545897
1.75015e+09;-0.167738;-0.0522407
1.75145e+09;-0.169074;-0.0498922
1.75275e+09;-0.170779;-0.0467708
1.75405e+09;-0.172275;-0.0435711
1.75536e+09;-0.172959;-0.0405501
1.75666e+09;-0.174093;-0.0368209
1.75796e+09;-0.174584;-0.0335776
1.75926e+09;-0.175013;-0.030021
1.76056e+09;-0.174822;-0.0270955
1.76186e+09;-0.174465;-0.0234211
1.76316e+09;-0.174062;-0.0207909
1.76446e+09;-0.173968;-0.0179616
1.76577e+09;-0.17392;-0.0156412
1.76707e+09;-0.174793;-0.0129696
1.76837e+09;-0.174707;-0.00970951
1.76967e+09;-0.175184;-0.00598996
1.77097e+09;-0.175094;-0.00239397
1.77227e+09;-0.174381;0.00161949
1.77357e+09;-0.172995;0.00531529
1.77487e+09;-0.171699;0.00878202
1.77618e+09;-0.170206;0.0122733
1.77748e+09;-0.169007;0.0157166
1.77878e+09;-0.166919;0.0187576
1.78008e+09;-0.164375;0.0219931
1.78138e+09;-0.162236;0.0243473
1.78268e+09;-0.159929;0.0271472
1.78398e+09;-0.157726;0.0292707
1.78529e+09;-0.154926;0.0313316
1.78659e+09;-0.152617;0.0333117
1.78789e+09;-0.150228;0.0348726
1.78919e+09;-0.147803;0.0369636
1.79049e+09;-0.145341;0.0385618
1.79179e+09;-0.142828;0.0396002
1.79309e+09;-0.140882;0.0408322
1.79439e+09;-0.139041;0.04287
1.7957e+09;-0.136894;0.0444667
1.797e+09;-0.134248;0.0468813
1.7983e+09;-0.131218;0.0483829
1.7996e+09;-0.128484;0.0497671
1.8009e+09;-0.12554;0.0513659
1.8022e+09;-0.121922;0.0527105
1.8035e+09;-0.11797;0.0536495
1.8048e+09;-0.114307;0.0541151
1.80611e+09;-0.110884;0.0544493
1.80741e+09;-0.107398;0.0543434
1.80871e+09;-0.104139;0.0542822
1.81001e+09;-0.100979;0.053673
1.81131e+09;-0.0981778;0.0532397
1.81261e+09;-0.0950395;0.0526649
1.81391e+09;-0.0923289;0.0523147
1.81522e+09;-0.0894815;0.0517808
1.81652e+09;-0.0868533;0.051201
1.81782e+09;-0.0841309;0.0509858
1.81912e+09;-0.0812515;0.050327
1.82042e+09;-0.0786985;0.0501649
1.82172e+09;-0.0758447;0.0490959
1.82302e+09;-0.072837;0.0485374
1.82432e+09;-0.0698719;0.0477054
1.82563e+09;-0.0666972;0.0465933
1.82693e+09;-0.0638655;0.0457464
1.82823e+09;-0.0608861;0.0440978
1.82953e+09;-0.0581545;0.0428523
1.83083e+09;-0.0555773;0.0416714
1.83213e+09;-0.0525769;0.0404288
1.83343e+09;-0.0497971;0.0392345
1.83473e+09;-0.0471385;0.0375214
1.83604e+09;-0.044119;0.0360364
1.83734e+09;-0.0409561;0.0344126
1.83864e+09;-0.0378808;0.0328163
1.83994e+09;-0.0353476;0.0308732
1.84124e+09;-0.0321347;0.0286766
1.84254e+09;-0.0289911;0.0265359
1.84384e+09;-0.026174;0.0242465
1.84515e+09;-0.0230698;0.0214987
1.84645e+09;-0.0203975;0.0188433
1.84775e+09;-0.0180271;0.015804
1.84905e+09;-0.0159038;0.0132029
1.85035e+09;-0.0133391;0.0106879
1.85165e+09;-0.0113258;0.0082464
1.85295e+09;-0.00862653;0.00555531
1.85425e+09;-0.00585102;0.00282973
1.85556e+09;-0.0031574;-0.000288628
1.85686e+09;-0.000321917;-0.00392154
1.85816e+09;0.00215803;-0.00721683
1.85946e+09;0.00472339;-0.010986
1.86076e+09;0.00639893;-0.0144851
1.86206e+09;0.00856584;-0.0179591
1.86336e+09;0.0104826;-0.0213035
1.86466e+09;0.0124437;-0.0248805
1.86597e+09;0.0145799;-0.0287305
1.86727e+09;0.0168953;-0.0325043
1.86857e+09;0.0192669;-0.0364681
1.86987e+09;0.0215441;-0.0408781
1.87117e+09;0.0236147;-0.0452809
1.87247e+09;0.0252811;-0.0494573
1.87377e+09;0.0270433;-0.0538769
1.87508e+09;0.0286932;-0.0583779
1.87638e+09;0.0301222;-0.0630453
1.87768e+09;0.0315136;-0.0678609
1.87898e+09;0.0332943;-0.0725339
1.88028e+09;0.0349121;-0.0777505
1.88158e+09;0.0365358;-0.0828536
1.88288e+09;0.0378031;-0.0884287
1.88418e+09;0.039079;-0.0941632
1.88549e+09;0.0397542;-0.0997387
1.88679e+09;0.0402094;-0.10592
1.88809e+09;0.040214;-0.111833
1.88939e+09;0.0404939;-0.117738
1.89069e+09;0.0402324;-0.123505
1.89199e+09;0.0400231;-0.128959
1.89329e+09;0.0398319;-0.134621
1.89459e+09;0.0396717;-0.140314
1.8959e+09;0.0393409;-0.146121
1.8972e+09;0.0388387;-0.152075
1.8985e+09;0.0380719;-0.158173
1.8998e+09;0.0371168;-0.164279
1.9011e+09;0.0362341;-0.170331
1.9024e+09;0.0351268;-0.176398
1.9037e+09;0.0338342;-0.182632
1.90501e+09;0.0321918;-0.189011
1.90631e+09;0.0299234;-0.195001
1.90761e+09;0.0277014;-0.200876
1.90891e+09;0.0250933;-0.206726
1.91021e+09;0.0228039;-0.212532
1.91151e+09;0.0200962;-0.217795
1.91281e+09;0.0176771;-0.223618
1.91411e+09;0.0150811;-0.229213
1.91542e+09;0.0123104;-0.234419
1.91672e+09;0.00924606;-0.23962
1.91802e+09;0.00612172;-0.244882
1.91932e+09;0.00294672;-0.24979
1.92062e+09;-0.000361068;-0.25472
1.92192e+09;-0.00331389;-0.259473
1.92322e+09;-0.00633985;-0.264429
1.92452e+09;-0.00935287;-0.269383
1.92583e+09;-0.0127944;-0.274216
1.92713e+09;-0.0162926;-0.279169
1.92843e+09;-0.0197208;-0.283953
1.92973e+09;-0.0235341;-0.288718
1.93103e+09;-0.0272679;-0.293392
1.93233e+09;-0.0314035;-0.29769
1.93363e+09;-0.0352371;-0.302073
1.93493e+09;-0.0390122;-0.306175
1.93624e+09;-0.0425557;-0.310065
1.93754e+09;-0.0459376;-0.314284
1.93884e+09;-0.0495944;-0.31841
1.94014e+09;-0.0534413;-0.322579
1.94144e+09;-0.0572423;-0.327023
1.94274e+09;-0.0610366;-0.331226
1.94404e+09;-0.0652883;-0.335553
1.94535e+09;-0.0691919;-0.339638
1.94665e+09;-0.0732787;-0.34385
1.94795e+09;-0.0773756;-0.34805
1.94925e+09;-0.081591;-0.352121
1.95055e+09;-0.0860312;-0.356031
1.95185e+09;-0.0905633;-0.359958
1.95315e+09;-0.0951412;-0.363913
1.95445e+09;-0.0997032;-0.367723
1.95576e+09;-0.103872;-0.371741
1.95706e+09;-0.108666;-0.375639
1.95836e+09;-0.113568;-0.379717
1.95966e+09;-0.118402;-0.383358
1.96096e+09;-0.123541;-0.387081
1.96226e+09;-0.12871;-0.390652
1.96356e+09;-0.1338;-0.394071
1.96486e+09;-0.13912;-0.3974
1.96617e+09;-0.144132;-0.40071
1.96747e+09;-0.149388;-0.404025
1.96877e+09;-0.154495;-0.407354
1.97007e+09;-0.159794;-0.410318
1.97137e+09;-0.165028;-0.413298
1.97267e+09;-0.170513;-0.416383
1.97397e+09;-0.175873;-0.419488
1.97528e+09;-0.181392;-0.422562
1.97658e+09;-0.186929;-0.425616
1.97788e+09;-0.192453;-0.428584
1.97918e+09;-0.19814;-0.431665
1.98048e+09;-0.204052;-0.434563
1.98178e+09;-0.210093;-0.437472
1.98308e+09;-0.21626;-0.440047
1.98438e+09;-0.222466;-0.442564
1.98569e+09;-0.228662;-0.445073
1.98699e+09;-0.23494;-0.447601
1.98829e+09;-0.241311;-0.449889
1.98959e+09;-0.247852;-0.452162
1.99089e+09;-0.25448;-0.454394
1.99219e+09;-0.261261;-0.45641
1.99349e+09;-0.268272;-0.458103
1.99479e+09;-0.275141;-0.459481
1.9961e+09;-0.281957;-0.460698
1.9974e+09;-0.288938;-0.461879
1.9987e+09;-0.295621;-0.462937
2e+09;-0.302461;-0.464056
